,State,City,Station,displayname,nolookupname,latlong,point,latitude,longitude,latlongnolookup
0,Andhra Pradesh,Amaravati,"Secretariat, Amaravati - APPCB","Secretariat, Amaravati, Andhra Pradesh","Amaravati, Andhra Pradesh, India","Secretariat Complex, Amaravati Capital City, Thullur, Guntur, Andhra Pradesh, India","(16.5134691, 80.517227, 0.0)",16.5134691,80.517227,
1,Andhra Pradesh,Rajamahendravaram,"Anand Kala Kshetram, Rajamahendravaram - APPCB","Anand Kala Kshetram, Rajamahendravaram, Andhra Pradesh","Rajamahendravaram, Andhra Pradesh, India",,"(17.0050454, 81.7804732, 0.0)",17.0050454,81.7804732,"Rajamahendravaram, Lalachervu, Rajahmundry (Urban), Andhra Pradesh, 533100, India"
2,Andhra Pradesh,Tirupati,"Tirumala, Tirupati - APPCB","Tirumala, Tirupati, Andhra Pradesh","Tirupati, Andhra Pradesh, India","Tirumala, Tirupati (Urban), Chittoor, Andhra Pradesh, 517504, India","(13.6795235, 79.3497522, 0.0)",13.6795235,79.3497522,
3,Andhra Pradesh,Vijayawada,"PWD Grounds, Vijayawada - APPCB","PWD Grounds, Vijayawada, Andhra Pradesh","Vijayawada, Andhra Pradesh, India",,"(16.5087586, 80.6185102, 0.0)",16.5087586,80.6185102,"Vijayawada, Vijayawada (Urban), Andhra Pradesh, 520001, India"
4,Andhra Pradesh,Visakhapatnam,"GVM Corporation, Visakhapatnam - APPCB","GVM Corporation, Visakhapatnam, Andhra Pradesh","Visakhapatnam, Andhra Pradesh, India",,"(17.7231276, 83.3012842, 0.0)",17.7231276,83.3012842,"Visakhapatnam, Visakhapatnam (Urban), Visakhapatnam, Andhra Pradesh, 530001, India"
5,Assam,Guwahati,"Railway Colony, Guwahati - APCB","Railway Colony, Guwahati, Assam","Guwahati, Assam, India","Railway Colony, Guwahati, Kamrup Metropolitan, Assam, 781015, India","(26.1808827, 91.7824864, 0.0)",26.1808827,91.7824864,
6,Bihar,Gaya,"Collectorate, Gaya - BSPCB","Collectorate, Gaya, Bihar","Gaya, Bihar, India","Gaya, Gaya Town C.D.Block, Gaya, Bihar, 823001, India","(24.7964355, 85.0079563, 0.0)",24.7964355,85.0079563,
7,Bihar,Gaya,"SFTI Kusdihra, Gaya - BSPCB","SFTI Kusdihra, Gaya, Bihar","Gaya, Bihar, India",,"(24.7964355, 85.0079563, 0.0)",24.7964355,85.0079563,"Gaya, Gaya Town C.D.Block, Gaya, Bihar, 823001, India"
8,Bihar,Hajipur,"Industrial Area, Hajipur - BSPCB","Industrial Area, Hajipur, Bihar","Hajipur, Bihar, India","Hajipur, Vaishali, Bihar, 844101, India","(25.6905568, 85.2090094, 0.0)",25.6905568,85.2090094,
9,Bihar,Muzaffarpur,"Buddha Colony, Muzaffarpur - BSPCB","Buddha Colony, Muzaffarpur, Bihar","Muzaffarpur, Bihar, India",,"(26.1486581, 85.34001282479626, 0.0)",26.1486581,85.34001282,"Muzaffarpur, Bihar, India"
10,Bihar,Muzaffarpur,"Muzaffarpur Collectorate, Muzaffarpur - BSPCB","Muzaffarpur Collectorate, Muzaffarpur, Bihar","Muzaffarpur, Bihar, India","Muzaffarpur, Musahri, Muzaffarpur, Bihar, 842001, India","(26.1182898, 85.3857888, 0.0)",26.1182898,85.3857888,
11,Bihar,Patna,"DRM Office Danapur, Patna - BSPCB","DRM Office Danapur, Patna, Bihar","Patna, Bihar, India",,"(25.6093239, 85.1235252, 0.0)",25.6093239,85.1235252,"Patna, Patna Rural, Patna, Bihar, 800001, India"
12,Bihar,Patna,"Govt. High School Shikarpur, Patna - BSPCB","Govt. High School Shikarpur, Patna, Bihar","Patna, Bihar, India",,"(25.6093239, 85.1235252, 0.0)",25.6093239,85.1235252,"Patna, Patna Rural, Patna, Bihar, 800001, India"
13,Bihar,Patna,"IGSC Planetarium Complex, Patna - BSPCB","IGSC Planetarium Complex, Patna, Bihar","Patna, Bihar, India",,"(25.6093239, 85.1235252, 0.0)",25.6093239,85.1235252,"Patna, Patna Rural, Patna, Bihar, 800001, India"
14,Bihar,Patna,"Muradpur, Patna - BSPCB","Muradpur, Patna, Bihar","Patna, Bihar, India",,"(25.6093239, 85.1235252, 0.0)",25.6093239,85.1235252,"Patna, Patna Rural, Patna, Bihar, 800001, India"
15,Bihar,Patna,"Rajbansi Nagar, Patna - BSPCB","Rajbansi Nagar, Patna, Bihar","Patna, Bihar, India",,"(25.6093239, 85.1235252, 0.0)",25.6093239,85.1235252,"Patna, Patna Rural, Patna, Bihar, 800001, India"
16,Bihar,Patna,"Samanpura, Patna - BSPCB","Samanpura, Patna, Bihar","Patna, Bihar, India",,"(25.6093239, 85.1235252, 0.0)",25.6093239,85.1235252,"Patna, Patna Rural, Patna, Bihar, 800001, India"
17,Chandigarh,Chandigarh,"Sector-25, Chandigarh - CPCC","Sector-25, Chandigarh, Chandigarh","Chandigarh, Chandigarh, India","Sector 25, Ward 5, Chandigarh, India","(30.7516466, 76.7567324, 0.0)",30.7516466,76.7567324,
18,Delhi,Delhi,"Alipur, Delhi - DPCC","Alipur, Delhi, Delhi","Delhi, Delhi, India","Alipur, Alipur Tehsil, North Delhi, Delhi, 110036, India","(28.7959955, 77.1360706, 0.0)",28.7959955,77.1360706,
19,Delhi,Delhi,"Anand Vihar, Delhi - DPCC","Anand Vihar, Delhi, Delhi","Delhi, Delhi, India","Anand Vihar, Vivek Vihar Tehsil, Shahdara, Delhi, India","(28.641115, 77.3125024, 0.0)",28.641115,77.3125024,
20,Delhi,Delhi,"Ashok Vihar, Delhi - DPCC","Ashok Vihar, Delhi, Delhi","Delhi, Delhi, India","Ashok Vihar, Ashok Vihar Road, Ashok Vihar - II, Saraswati Vihar Tehsil, North Delhi, Delhi, 110052, India","(28.6994533, 77.1848256, 0.0)",28.6994533,77.1848256,
21,Delhi,Delhi,"Aya Nagar, Delhi - IMD","Aya Nagar, Delhi, Delhi","Delhi, Delhi, India","Aya Nagar, Mehrauli Tehsil, South Delhi, Delhi, India","(28.47649105, 77.13291315925144, 0.0)",28.47649105,77.13291316,
22,Delhi,Delhi,"Bawana, Delhi - DPCC","Bawana, Delhi, Delhi","Delhi, Delhi, India","Bawana, Narela Tehsil, North Delhi, Delhi, India","(28.79966, 77.0328847, 0.0)",28.79966,77.0328847,
23,Delhi,Delhi,"Burari Crossing, Delhi - IMD","Burari Crossing, Delhi, Delhi","Delhi, Delhi, India","Burari Crossing, Doctor KB Hedgewar Marg, Civil Lines Tehsil, Central Delhi, Delhi, 110084, India","(28.7285944, 77.1993251, 0.0)",28.7285944,77.1993251,
24,Delhi,Delhi,"CRRI Mathura Road, Delhi - IMD","CRRI Mathura Road, Delhi, Delhi","Delhi, Delhi, India","CRRI, Mathura Road, Pocket A, Kalkaji Tehsil, South East Delhi, Delhi, 1243, India","(28.5500925, 77.2751557, 0.0)",28.5500925,77.2751557,
25,Delhi,Delhi,"Chandni Chowk, Delhi - IITM","Chandni Chowk, Delhi, Delhi","Delhi, Delhi, India","Chandni Chowk, Delhi, Kotwali Tehsil, Central Delhi, Delhi, 100006, India","(28.6559834, 77.2321937, 0.0)",28.6559834,77.2321937,
26,Delhi,Delhi,"DTU, Delhi - CPCB","DTU, Delhi, Delhi","Delhi, Delhi, India","DTU Temple Park, Sector 27, Rohini, Alipur Tehsil, North Delhi, Delhi, India","(28.7473272, 77.11568781182513, 0.0)",28.7473272,77.11568781,
27,Delhi,Delhi,"Dr. Karni Singh Shooting Range, Delhi - DPCC","Dr. Karni Singh Shooting Range, Delhi, Delhi","Delhi, Delhi, India","Dr. Karni Singh Shooting Range, Mehrauli Badarpur Road, Vishwakarma Colony, Tughlakabad, Kalkaji Tehsil, South East Delhi, Delhi, SUNPAT HOUSE VILLAGE, India","(28.5000822, 77.26751472410736, 0.0)",28.5000822,77.26751472,
28,Delhi,Delhi,"Dwarka-Sector 8, Delhi - DPCC","Dwarka-Sector 8, Delhi, Delhi","Delhi, Delhi, India","Dwarka Sector 8, Road 205, Sector 9, Dwarka, Dwarka Tehsil, South West Delhi, Delhi, 110077, India","(28.5656109, 77.0670366, 0.0)",28.5656109,77.0670366,
29,Delhi,Delhi,"East Arjun Nagar, Delhi - CPCB","East Arjun Nagar, Delhi, Delhi","Delhi, Delhi, India","East Arjun Nagar, Safeda Basti, Vivek Vihar Tehsil, Shahdara, Delhi, 110051, India","(28.6569534, 77.2947178, 0.0)",28.6569534,77.2947178,
30,Delhi,Delhi,"IGI Airport (T3), Delhi - IMD","IGI Airport (T3), Delhi, Delhi","Delhi, Delhi, India","Indira Gandhi International Airport, Delhi-Gurugram Expressway, Middle Shankar Vihar, Delhi Cantonment, Vasant Vihar Tehsil, Delhi, 110010, India","(28.55489735, 77.08467458266915, 0.0)",28.55489735,77.08467458,
31,Delhi,Delhi,"IHBAS, Dilshad Garden, Delhi - CPCB","IHBAS, Dilshad Garden, Delhi, Delhi","Delhi, Delhi, India",,"(28.6517178, 77.2219388, 0.0)",28.6517178,77.2219388,"Delhi, Kotwali Tehsil, Central Delhi, Delhi, 110006, India"
32,Delhi,Delhi,"ITO, Delhi - CPCB","ITO, Delhi, Delhi","Delhi, Delhi, India","ITO, Indraprastha Marg, Indraprastha Estate, Delhi, Kotwali Tehsil, Central Delhi, Delhi, 1100002, India","(28.6282118, 77.2451545, 0.0)",28.6282118,77.2451545,
33,Delhi,Delhi,"Jahangirpuri, Delhi - DPCC","Jahangirpuri, Delhi, Delhi","Delhi, Delhi, India","Jahangirpuri, Indira Vikas Colony, Model Town Tehsil, North Delhi, Delhi, 110033, India","(28.7259717, 77.162658, 0.0)",28.7259717,77.162658,
34,Delhi,Delhi,"Jawaharlal Nehru Stadium, Delhi - DPCC","Jawaharlal Nehru Stadium, Delhi, Delhi","Delhi, Delhi, India","Jawaharlal Nehru Stadium, Bhishma Pitamah Marg, Lodhi Colony, Defence Colony Teshil, South East Delhi, Delhi, 110003, India","(28.58337705, 77.23354040287734, 0.0)",28.58337705,77.2335404,
35,Delhi,Delhi,"Lodhi Road, Delhi - IITM","Lodhi Road, Delhi, Delhi","Delhi, Delhi, India","Lodhi Road, Defence Colony Teshil, South East Delhi, Delhi, 110003, India","(28.592408, 77.2367531, 0.0)",28.592408,77.2367531,
36,Delhi,Delhi,"Lodhi Road, Delhi - IMD","Lodhi Road, Delhi, Delhi","Delhi, Delhi, India","Lodhi Road, Defence Colony Teshil, South East Delhi, Delhi, 110003, India","(28.592408, 77.2367531, 0.0)",28.592408,77.2367531,
37,Delhi,Delhi,"Major Dhyan Chand National Stadium, Delhi - DPCC","Major Dhyan Chand National Stadium, Delhi, Delhi","Delhi, Delhi, India","Major Dhyan Chand National Stadium, Sher Shah Road, Cornwallis Colony, New Delhi, Chanakya Puri Tehsil, Delhi, 110503, India","(28.612634200000002, 77.23733038046025, 0.0)",28.6126342,77.23733038,
38,Delhi,Delhi,"Mandir Marg, Delhi - DPCC","Mandir Marg, Delhi, Delhi","Delhi, Delhi, India","Mandir Marg, Saket, Hauz Khas Tehsil, South Delhi, Delhi, 110017, India","(28.5246601, 77.216217, 0.0)",28.5246601,77.216217,
39,Delhi,Delhi,"Mundka, Delhi - DPCC","Mundka, Delhi, Delhi","Delhi, Delhi, India","Mundka, Rohtak Road, Mundka, Punjabi Bagh Tehsil, West Delhi, Delhi, 110041, India","(28.6824341, 77.0305741, 0.0)",28.6824341,77.0305741,
40,Delhi,Delhi,"NSIT Dwarka, Delhi - CPCB","NSIT Dwarka, Delhi, Delhi","Delhi, Delhi, India","NSIT, Azad Hind Fauj Marg, Nawada, Sector 3, Dwarka, Dwarka Tehsil, West Delhi, Delhi, 110078, India","(28.6082819, 77.0350079, 0.0)",28.6082819,77.0350079,
41,Delhi,Delhi,"Najafgarh, Delhi - DPCC","Najafgarh, Delhi, Delhi","Delhi, Delhi, India","Najafgarh, Najafgarh Tehsil, South West Delhi, Delhi, 110043, India","(28.612304, 76.9823908, 0.0)",28.612304,76.9823908,
42,Delhi,Delhi,"Narela, Delhi - DPCC","Narela, Delhi, Delhi","Delhi, Delhi, India","Narela, Banker, Narela Tehsil, North Delhi, Delhi, 110040, India","(28.8426096, 77.0918354, 0.0)",28.8426096,77.0918354,
43,Delhi,Delhi,"Nehru Nagar, Delhi - DPCC","Nehru Nagar, Delhi, Delhi","Delhi, Delhi, India","Nehru Nagar, Defence Colony Teshil, South East Delhi, Delhi, 110024, India","(28.5685108, 77.2513847, 0.0)",28.5685108,77.2513847,
44,Delhi,Delhi,"North Campus, DU, Delhi - IMD","North Campus, DU, Delhi, Delhi","Delhi, Delhi, India",,"(28.6517178, 77.2219388, 0.0)",28.6517178,77.2219388,"Delhi, Kotwali Tehsil, Central Delhi, Delhi, 110006, India"
45,Delhi,Delhi,"Okhla Phase-2, Delhi - DPCC","Okhla Phase-2, Delhi, Delhi","Delhi, Delhi, India","Okhla Phase - II, Sarita Vihar Tehsil, South East Delhi, Delhi, India","(28.5366138, 77.2756197, 0.0)",28.5366138,77.2756197,
46,Delhi,Delhi,"Patparganj, Delhi - DPCC","Patparganj, Delhi, Delhi","Delhi, Delhi, India","Patparganj, Samaspur, Mayur Vihar Tehsil, East Delhi, Delhi, 110091, India","(28.6115923, 77.2905644, 0.0)",28.6115923,77.2905644,
47,Delhi,Delhi,"Punjabi Bagh, Delhi - DPCC","Punjabi Bagh, Delhi, Delhi","Delhi, Delhi, India","Punjabi Bagh, Punjabi Bagh Tehsil, West Delhi, Delhi, India","(28.668945, 77.1324614, 0.0)",28.668945,77.1324614,
48,Delhi,Delhi,"Pusa, Delhi - DPCC","Pusa, Delhi, Delhi","Delhi, Delhi, India","Pusa, New Delhi, Delhi Cantonment, Delhi, India","(28.63629965, 77.15764441079895, 0.0)",28.63629965,77.15764441,
49,Delhi,Delhi,"Pusa, Delhi - IMD","Pusa, Delhi, Delhi","Delhi, Delhi, India","Pusa, New Delhi, Delhi Cantonment, Delhi, India","(28.63629965, 77.15764441079895, 0.0)",28.63629965,77.15764441,
50,Delhi,Delhi,"R K Puram, Delhi - DPCC","R K Puram, Delhi, Delhi","Delhi, Delhi, India","R. K Puram, Outer Ring Road, Adchini, New Delhi, Hauz Khas Tehsil, Delhi, 110066, India","(28.5503864, 77.1855171, 0.0)",28.5503864,77.1855171,
51,Delhi,Delhi,"Rohini, Delhi - DPCC","Rohini, Delhi, Delhi","Delhi, Delhi, India","Rohini, Rohini Tehsil, North West Delhi, Delhi, India","(28.7162092, 77.1170743, 0.0)",28.7162092,77.1170743,
52,Delhi,Delhi,"Shadipur, Delhi - CPCB","Shadipur, Delhi, Delhi","Delhi, Delhi, India","Shadipur, Patel Road, East Patel Nagar, Patel Nagar Tehsil, West Delhi, Delhi, 110015, India","(28.6516362, 77.1582947, 0.0)",28.6516362,77.1582947,
53,Delhi,Delhi,"Sirifort, Delhi - CPCB","Sirifort, Delhi, Delhi","Delhi, Delhi, India",,"(28.6517178, 77.2219388, 0.0)",28.6517178,77.2219388,"Delhi, Kotwali Tehsil, Central Delhi, Delhi, 110006, India"
54,Delhi,Delhi,"Sonia Vihar, Delhi - DPCC","Sonia Vihar, Delhi, Delhi","Delhi, Delhi, India","Sonia Vihar, Karawal Nagar Tehsil, North East Delhi, Delhi, 110094, India","(28.7199257, 77.2481823, 0.0)",28.7199257,77.2481823,
55,Delhi,Delhi,"Sri Aurobindo Marg, Delhi - DPCC","Sri Aurobindo Marg, Delhi, Delhi","Delhi, Delhi, India",,"(28.6517178, 77.2219388, 0.0)",28.6517178,77.2219388,"Delhi, Kotwali Tehsil, Central Delhi, Delhi, 110006, India"
56,Delhi,Delhi,"Vivek Vihar, Delhi - DPCC","Vivek Vihar, Delhi, Delhi","Delhi, Delhi, India","Vivek Vihar, Vivek Vihar Tehsil, Shahdara, Delhi, India","(28.6691641, 77.31226695421603, 0.0)",28.6691641,77.31226695,
57,Delhi,Delhi,"Wazirpur, Delhi - DPCC","Wazirpur, Delhi, Delhi","Delhi, Delhi, India","Wazirpur, Saraswati Vihar Tehsil, North West Delhi, Delhi, India","(28.680084299999997, 77.17022123990277, 0.0)",28.6800843,77.17022124,
58,Gujarat,Ahmedabad,"Maninagar, Ahmedabad - GPCB","Maninagar, Ahmedabad, Gujarat","Ahmedabad, Gujarat, India","Maninagar, Ahmedabad, Ahmadabad City Taluka, Ahmedabad District, Gujarat, 380008, India","(22.9977135, 72.6067174, 0.0)",22.9977135,72.6067174,
59,Gujarat,Ankleshwar,"GIDC, Ankleshwar - GPCB","GIDC, Ankleshwar, Gujarat","Ankleshwar, Gujarat, India","GIDC, Ankleshwar Taluka, Bharuch District, Gujarat, India","(21.61946515, 73.02979455103181, 0.0)",21.61946515,73.02979455,
60,Gujarat,Gandhinagar,"Sector-10, Gandhinagar - GPCB","Sector-10, Gandhinagar, Gujarat","Gandhinagar, Gujarat, India","Sector 10, Gandhinagar, Gandhinagar Taluka, Gandhinagar District, Gujarat, India","(23.2156209, 72.6550405, 0.0)",23.2156209,72.6550405,
61,Gujarat,Nandesari,"GIDC, Nandesari - Nandesari Ind. Association","GIDC, Nandesari, Gujarat","Nandesari, Gujarat, India",,"(22.4178037, 73.0949186, 0.0)",22.4178037,73.0949186,"Nandesari, NH48, Vadodara Taluka, Vadodara District, Gujarat, 388306, India"
62,Gujarat,Vapi,"Phase-1 GIDC, Vapi - GPCB","Phase-1 GIDC, Vapi, Gujarat","Vapi, Gujarat, India",,"(20.3735482, 72.9084376, 0.0)",20.3735482,72.9084376,"Vapi, Daman Road, Vapi, Vapi Taluka, Valsad, Gujarat, 396191, India"
63,Gujarat,Vatva,"Phase-4 GIDC, Vatva - GPCB","Phase-4 GIDC, Vatva, Gujarat","Vatva, Gujarat, India","Vatva gidc iv road, Vatva Gidc, Ramol -Jantanagar, Daskroi Taluka, Ahmedabad District, Gujarat, 382445, India","(22.9603877, 72.6418145, 0.0)",22.9603877,72.6418145,
64,Haryana,Ambala,"Patti Mehar, Ambala - HSPCB","Patti Mehar, Ambala, Haryana","Ambala, Haryana, India",,"(30.3843674, 76.770421, 0.0)",30.3843674,76.770421,"Ambala, Haryana, 134002, India"
65,Haryana,Bahadurgarh,"Arya Nagar, Bahadurgarh - HSPCB","Arya Nagar, Bahadurgarh, Haryana","Bahadurgarh, Haryana, India",,"(28.660964800000002, 76.83467647083376, 0.0)",28.6609648,76.83467647,"Bahadurgarh, Jhajjar, Haryana, India"
66,Haryana,Ballabgarh,"Nathu Colony, Ballabgarh - HSPCB","Nathu Colony, Ballabgarh, Haryana","Ballabgarh, Haryana, India",,"(28.291713950000002, 77.36040706812736, 0.0)",28.29171395,77.36040707,"Ballabgarh, Faridabad, Haryana, India"
67,Haryana,Bhiwani,"H.B. Colony, Bhiwani - HSPCB","H.B. Colony, Bhiwani, Haryana","Bhiwani, Haryana, India",,"(28.7931703, 76.1391283, 0.0)",28.7931703,76.1391283,"Bhiwani, Bhiwani district, Haryana, 125021, India"
68,Haryana,Charkhi Dadri,"Mini Secretariat, Charkhi Dadri - HSPCB","Mini Secretariat, Charkhi Dadri, Haryana","Charkhi Dadri, Haryana, India",,"(28.5919933, 76.2719817, 0.0)",28.5919933,76.2719817,"Charkhi Dadri, Dadri, Charkhi Dadri, Haryana, 123306, India"
69,Haryana,Dharuhera,"Municipal Corporation Office, Dharuhera -  HSPCB","Municipal Corporation Office, Dharuhera, Haryana","Dharuhera, Haryana, India",,"(28.2055216, 76.7953099, 0.0)",28.2055216,76.7953099,"Dharuhera, Rewari, Haryana, 123106, India"
70,Haryana,Faridabad,"New Industrial Town, Faridabad - HSPCB","New Industrial Town, Faridabad, Haryana","Faridabad, Haryana, India",,"(28.4029786, 77.3103837, 0.0)",28.4029786,77.3103837,"Faridabad, Haryana, 121001, India"
71,Haryana,Faridabad,"Sector 11, Faridabad - HSPCB","Sector 11, Faridabad, Haryana","Faridabad, Haryana, India","Sector 11, Faridabad, Haryana, 121001, India","(28.375934100000002, 77.31854412915146, 0.0)",28.3759341,77.31854413,
72,Haryana,Faridabad,"Sector 30, Faridabad - HSPCB","Sector 30, Faridabad, Haryana","Faridabad, Haryana, India","Sector 30, Faridabad, Haryana, 121001, India","(28.4427368, 77.32044886132684, 0.0)",28.4427368,77.32044886,
73,Haryana,Faridabad,"Sector- 16A, Faridabad - HSPCB","Sector- 16A, Faridabad, Haryana","Faridabad, Haryana, India","Sector 16A, Faridabad, Haryana, 121001, India","(28.4096153, 77.31478137333346, 0.0)",28.4096153,77.31478137,
74,Haryana,Fatehabad,"Huda Sector, Fatehabad - HSPCB","Huda Sector, Fatehabad, Haryana","Fatehabad, Haryana, India",,"(29.468830099999998, 75.52107146631747, 0.0)",29.4688301,75.52107147,"Fatehabad, Haryana, India"
75,Haryana,Gurugram,"NISE Gwal Pahari, Gurugram - IMD","NISE Gwal Pahari, Gurugram, Haryana","Gurugram, Haryana, India",,"(28.4646148, 77.0299194, 0.0)",28.4646148,77.0299194,"Gurugram, Gurgaon, Haryana, India"
76,Haryana,Gurugram,"Sector-51, Gurugram - HSPCB","Sector-51, Gurugram, Haryana","Gurugram, Haryana, India","Sector 51, Gurugram, Gurgaon, Haryana, 101301, India","(28.4287011, 77.0666877, 0.0)",28.4287011,77.0666877,
77,Haryana,Gurugram,"Teri Gram, Gurugram - HSPCB","Teri Gram, Gurugram, Haryana","Gurugram, Haryana, India","Gram Panchayat Bhawan, Bhondsi, NH248A, Badshahpur, Gurugram, Sohna, Haryana, 122012, India","(28.35117845, 77.06446614772139, 0.0)",28.35117845,77.06446615,
78,Haryana,Gurugram,"Vikas Sadan, Gurugram - HSPCB","Vikas Sadan, Gurugram, Haryana","Gurugram, Haryana, India",,"(28.4646148, 77.0299194, 0.0)",28.4646148,77.0299194,"Gurugram, Gurgaon, Haryana, India"
79,Haryana,Hisar,"Urban Estate-II, Hisar - HSPCB","Urban Estate-II, Hisar, Haryana","Hisar, Haryana, India","Urban Estate, Sector 15A, Hisar, Haryana, 125001, India","(29.14079195, 75.7420519787518, 0.0)",29.14079195,75.74205198,
80,Haryana,Jind,"Police Lines, Jind - HSPCB","Police Lines, Jind, Haryana","Jind, Haryana, India","Jind, Haryana, 126100, India","(29.3140427, 76.3179488, 0.0)",29.3140427,76.3179488,
81,Haryana,Kaithal,"Rishi Nagar, Kaithal - HSPCB","Rishi Nagar, Kaithal, Haryana","Kaithal, Haryana, India",,"(29.7444561, 76.42555011591303, 0.0)",29.7444561,76.42555012,"Kaithal, Haryana, India"
82,Haryana,Karnal,"Sector-12, Karnal - HSPCB","Sector-12, Karnal, Haryana","Karnal, Haryana, India","Sector 12, Model Town, Karnal, Haryana, 132001, India","(29.6982508, 77.00131350967592, 0.0)",29.6982508,77.00131351,
83,Haryana,Kurukshetra,"Sector-7, Kurukshetra - HSPCB","Sector-7, Kurukshetra, Haryana","Kurukshetra, Haryana, India","Kurukshetra, Thanesar, Kurukshetra, Haryana, 132118, India","(29.9693747, 76.8482787, 0.0)",29.9693747,76.8482787,
84,Haryana,Mandikhera,"General Hospital, Mandikhera - HSPCB","General Hospital, Mandikhera, Haryana","Mandikhera, Haryana, India",,"(27.9000942, 76.9936654, 0.0)",27.9000942,76.9936654,"General Hospital Blood Bank, Mandikhera, NH248A, Ferozepur Jhirka, Nuh, Haryana, 122108, India"
85,Haryana,Manesar,"Sector-2 IMT, Manesar - HSPCB","Sector-2 IMT, Manesar, Haryana","Manesar, Haryana, India","Industrial Modern Township Manesar, Sector 5, Manesar, Haryana, 122051, India","(28.3671851, 76.920669, 0.0)",28.3671851,76.920669,
86,Haryana,Narnaul,"Shastri Nagar, Narnaul - HSPCB","Shastri Nagar, Narnaul, Haryana","Narnaul, Haryana, India","Narnaul, Mahendragarh, Haryana, 123001, India","(28.0438468, 76.1062015, 0.0)",28.0438468,76.1062015,
87,Haryana,Palwal,"Shyam Nagar, Palwal - HSPCB","Shyam Nagar, Palwal, Haryana","Palwal, Haryana, India","Palwal, Haryana, India","(28.1405741, 77.3259802, 0.0)",28.1405741,77.3259802,
88,Haryana,Panchkula,"Sector-6, Panchkula - HSPCB","Sector-6, Panchkula, Haryana","Panchkula, Haryana, India","Sector 6, Panchkula, Haryana, India","(30.705972, 76.85766446463407, 0.0)",30.705972,76.85766446,
89,Haryana,Panipat,"Sector-18, Panipat - HSPCB","Sector-18, Panipat, Haryana","Panipat, Haryana, India","Sector 18 Huda, Panipat, Haryana, 132100, India","(29.437146, 76.97593435132033, 0.0)",29.437146,76.97593435,
90,Haryana,Rohtak,"MD University, Rohtak - HSPCB","MD University, Rohtak, Haryana","Rohtak, Haryana, India",,"(28.9010899, 76.5801935, 0.0)",28.9010899,76.5801935,"Rohtak, Haryana, 124001, India"
91,Haryana,Sirsa,"F-Block, Sirsa - HSPCB","F-Block, Sirsa, Haryana","Sirsa, Haryana, India","Sirsa, Haryana, 125055, India","(29.5372849, 75.0377649, 0.0)",29.5372849,75.0377649,
92,Haryana,Sonipat,"Murthal, Sonipat - HSPCB","Murthal, Sonipat, Haryana","Sonipat, Haryana, India","Murthal, Sonipat, Haryana, India","(29.0396149, 77.0894535, 0.0)",29.0396149,77.0894535,
93,Haryana,Yamunanagar,"Gobind Pura, Yamuna Nagar - HSPCB","Gobind Pura, Yamuna Nagar, Haryana","Yamunanagar, Haryana, India",,"(30.2112003, 77.28638972360895, 0.0)",30.2112003,77.28638972,"Yamunanagar, Haryana, India"
94,Jharkhand,Jorapokhar,"Tata Stadium, Jorapokhar - JSPCB","Tata Stadium, Jorapokhar, Jharkhand","Jorapokhar, Jharkhand, India",,"(23.7167069, 86.4110166, 0.0)",23.7167069,86.4110166,"Jorapokhar, Jharia, Jharia-Cum-Jorapokhar-Cum-Sindri, Dhanbad, Jharkhand, 828111, India"
95,Karnataka,Bagalkot,"Vidayagiri, Bagalkot - KSPCB","Vidayagiri, Bagalkot, Karnataka","Bagalkot, Karnataka, India",,"(16.1853166, 75.6967919, 0.0)",16.1853166,75.6967919,"Bagalkote, Bagalakote taluk, Bagalkote district, Karnataka, 587102, India"
96,Karnataka,Bengaluru,"BTM Layout, Bengaluru - CPCB","BTM Layout, Bengaluru, Karnataka","Bengaluru, Karnataka, India","BTM Layout, South Zone, Bengaluru, Bangalore South, Bangalore Urban, Karnataka, - 560034, India","(12.9151772, 77.6102821, 0.0)",12.9151772,77.6102821,
97,Karnataka,Bengaluru,"BWSSB Kadabesanahalli, Bengaluru - CPCB","BWSSB Kadabesanahalli, Bengaluru, Karnataka","Bengaluru, Karnataka, India",,"(12.9791198, 77.5912997, 0.0)",12.9791198,77.5912997,"Bengaluru, Bangalore North, Bangalore Urban, Karnataka, India"
98,Karnataka,Bengaluru,"Bapuji Nagar, Bengaluru - KSPCB","Bapuji Nagar, Bengaluru, Karnataka","Bengaluru, Karnataka, India","Bapuji Nagar, South Zone, Bengaluru, Bangalore North, Bangalore Urban, Karnataka, 566026, India","(12.9556699, 77.5402492, 0.0)",12.9556699,77.5402492,
99,Karnataka,Bengaluru,"City Railway Station, Bengaluru - KSPCB","City Railway Station, Bengaluru, Karnataka","Bengaluru, Karnataka, India","City Railway Station, Station Road, Kalyana nagar, Gandhinagar, Dharwad, Dharawada taluku, Dharwad district, Karnataka, 580001, India","(15.442416099999999, 75.00186546498811, 0.0)",15.4424161,75.00186546,
100,Karnataka,Bengaluru,"Hebbal, Bengaluru - KSPCB","Hebbal, Bengaluru, Karnataka","Bengaluru, Karnataka, India","Hebbal, East Zone, Bengaluru, Bangalore North, Bangalore Urban, Karnataka, 560024, India","(13.0382184, 77.5919, 0.0)",13.0382184,77.5919,
101,Karnataka,Bengaluru,"Hombegowda Nagar, Bengaluru - KSPCB","Hombegowda Nagar, Bengaluru, Karnataka","Bengaluru, Karnataka, India","Bengaluru, Bangalore North, Bangalore Urban, Karnataka, India","(12.9791198, 77.5912997, 0.0)",12.9791198,77.5912997,
102,Karnataka,Bengaluru,"Jayanagar 5th Block, Bengaluru - KSPCB","Jayanagar 5th Block, Bengaluru, Karnataka","Bengaluru, Karnataka, India","Jayanagar 5th Block, South Zone, Bengaluru, Bangalore South, Bangalore Urban, Karnataka, India","(12.9194605, 77.58332110317872, 0.0)",12.9194605,77.5833211,
103,Karnataka,Bengaluru,"Peenya, Bengaluru - CPCB","Peenya, Bengaluru, Karnataka","Bengaluru, Karnataka, India","Peenya, Rajarajeshwari Nagar Zone, Bengaluru, Bangalore North, Bangalore Urban, Karnataka, 560057, India","(13.0329419, 77.5273253, 0.0)",13.0329419,77.5273253,
104,Karnataka,Bengaluru,"Sanegurava Halli, Bengaluru - KSPCB","Sanegurava Halli, Bengaluru, Karnataka","Bengaluru, Karnataka, India",,"(12.9791198, 77.5912997, 0.0)",12.9791198,77.5912997,"Bengaluru, Bangalore North, Bangalore Urban, Karnataka, India"
105,Karnataka,Bengaluru,"Silk Board, Bengaluru - KSPCB","Silk Board, Bengaluru, Karnataka","Bengaluru, Karnataka, India","Silk Board, Outer Ring Road, Madivala, South Zone, Bengaluru, Bangalore South, Bangalore Urban, Karnataka, - 560034, India","(12.9167139, 77.6214094, 0.0)",12.9167139,77.6214094,
106,Karnataka,Chamarajanagar,"Urban, Chamarajanagar - KSPCB","Urban, Chamarajanagar, Karnataka","Chamarajanagar, Karnataka, India",,"(11.9346006, 76.9328209, 0.0)",11.9346006,76.9328209,"Chamarajanagar, Nanjangudu-Chamarajanagar Road, Yadapura, Chamarajanagara, Chamarajanagara taluk, Chamarajanagar district, Karnataka, 571313, India"
107,Karnataka,Chikkaballapur,"Chikkaballapur Rural, Chikkaballapur - KSPCB","Chikkaballapur Rural, Chikkaballapur, Karnataka","Chikkaballapur, Karnataka, India",,"(13.4352549, 77.7306866, 0.0)",13.4352549,77.7306866,"Chikkaballapura, NH69, Pujanahalli, Chikkaballapura, Chikkaballapura taluk, Chikkaballapura district, Karnataka, 562101, India"
108,Karnataka,Chikkamagaluru,"Kalyana Nagara, Chikkamagaluru - KSPCB","Kalyana Nagara, Chikkamagaluru, Karnataka",,,,13.322462,75.79604,
109,Karnataka,Hubballi,"Deshpande Nagar, Hubballi - KSPCB","Deshpande Nagar, Hubballi, Karnataka","Hubballi, Karnataka, India","Sawai Gandharva Ground /deshpande Nagar Park, Bhavani Nagar, Vidyanagar, Hubballi, Hubballi taluku, Dharwad district, Karnataka, 580020, India","(15.3597632, 75.13629477439613, 0.0)",15.3597632,75.13629477,
110,Karnataka,Kalaburagi,"Lal Bahadur Shastri Nagar, Kalaburagi - KSPCB","Lal Bahadur Shastri Nagar, Kalaburagi, Karnataka","Kalaburagi, Karnataka, India",,"(17.166667, 77.083333, 0.0)",17.166667,77.083333,"Kalaburagi, Kalaburagi district, Karnataka, India"
111,Karnataka,Madikeri,"Stuart Hill, Madikeri - KSPCB","Stuart Hill, Madikeri, Karnataka","Madikeri, Karnataka, India",,"(12.42149, 75.7387543, 0.0)",12.42149,75.7387543,"Madikeri, Madikeri taluku, Kodagu, Karnataka, 571201, India"
112,Karnataka,Mysuru,"Hebbal 1st Stage, Mysuru - KSPCB","Hebbal 1st Stage, Mysuru, Karnataka","Mysuru, Karnataka, India",,"(12.3051828, 76.6553609, 0.0)",12.3051828,76.6553609,"Mysuru, Mysuru taluk, Mysuru district, Karnataka, 570001, India"
113,Karnataka,Ramanagara,"Vijay Nagar, Ramanagara - KSPCB","Vijay Nagar, Ramanagara, Karnataka","Ramanagara, Karnataka, India",,"(12.7252766, 77.2804797, 0.0)",12.7252766,77.2804797,"Ramanagara, Ramanagara taluk, Ramanagara district, Karnataka, 571511, India"
114,Karnataka,Shivamogga,"Vinoba Nagara, Shivamogga - KSPCB","Vinoba Nagara, Shivamogga, Karnataka","Shivamogga, Karnataka, India",,"(13.9311723, 75.569737, 0.0)",13.9311723,75.569737,"Shivamogga, Shivamogga taluku, Shimoga district, Karnataka, 577200, India"
115,Karnataka,Vijayapura,"Ibrahimpur, Vijayapura - KSPCB","Ibrahimpur, Vijayapura, Karnataka","Vijayapura, Karnataka, India","Ibrahimpur, ???????? ?????, Ibrahimpura, Vijayapura, Vijayapura taluk, Bijapur district, Karnataka, 586101, India","(16.8034264, 75.7199513, 0.0)",16.8034264,75.7199513,
116,Karnataka,Yadgir,"Collector Office, Yadgir - KSPCB","Collector Office, Yadgir, Karnataka","Yadgir, Karnataka, India",,"(16.7689044, 77.1380381, 0.0)",16.7689044,77.1380381,"Yadgir, Yadagiri taluku, Yadagiri district, Karnataka, 585200, India"
117,Kerala,Eloor,"Udyogamandal, Eloor - Kerala PCB","Udyogamandal, Eloor, Kerala","Eloor, Kerala, India","FACT Udyogamandal Complex Office, Eloor Ferry Road, Elur, Paravur, Ernakulam district, Kerala, 683501, India","(10.0794694, 76.2978502, 0.0)",10.0794694,76.2978502,
118,Kerala,Ernakulam,"Kacheripady, Ernakulam - Kerala PCB","Kacheripady, Ernakulam, Kerala","Ernakulam, Kerala, India","Kacheripady, Ernakulam, Kanayannur, Ernakulam district, Kerala, 682018, India","(9.9862208, 76.2831637, 0.0)",9.9862208,76.2831637,
119,Kerala,Kannur,"Thavakkara, Kannur - Kerala PCB","Thavakkara, Kannur, Kerala","Kannur, Kerala, India","Thavakkara, Kannur, Kannur district, Kerala, 670017, India","(11.8679682, 75.3707521, 0.0)",11.8679682,75.3707521,
120,Kerala,Kochi,"Vyttila, Kochi - Kerala PCB","Vyttila, Kochi, Kerala","Kochi, Kerala, India","Kerala State Construction Corporation Limited(KSCC), Door No.30/1521-A, Salem-Kochi-Kanyakumari Road, Vyttila, Ernakulam, Kanayannur, Ernakulam district, Kerala, 682019, India","(9.9756152, 76.3175229, 0.0)",9.9756152,76.3175229,
121,Kerala,Kollam,"Polayathode, Kollam - Kerala PCB","Polayathode, Kollam, Kerala","Kollam, Kerala, India",,"(8.8879509, 76.5955013, 0.0)",8.8879509,76.5955013,"Kollam, Kerala, 691001, India"
122,Kerala,Kozhikode,"Palayam, Kozhikode - Kerala PCB","Palayam, Kozhikode, Kerala","Kozhikode, Kerala, India","Palayam, Kozhikode, Kozhikode district, Kerala, 673002, India","(11.248138, 75.7846487, 0.0)",11.248138,75.7846487,
123,Kerala,Thiruvananthapuram,"Kariavattom, Thiruvananthapuram - Kerala PCB","Kariavattom, Thiruvananthapuram, Kerala","Thiruvananthapuram, Kerala, India","Kariavattom Campus Quarters Road, Karyavattom, Chenkottukonam, Thiruvananthapuram, Kerala, 695581, India","(8.559286, 76.8841507, 0.0)",8.559286,76.8841507,
124,Kerala,Thiruvananthapuram,"Plammoodu, Thiruvananthapuram - Kerala PCB","Plammoodu, Thiruvananthapuram, Kerala","Thiruvananthapuram, Kerala, India",,"(8.5241122, 76.9360573, 0.0)",8.5241122,76.9360573,"Thiruvananthapuram, Kerala, 695001, India"
125,Kerala,Thrissur,"Corporation Ground, Thrissur- Kerala PCB","Corporation Ground, Thrissu, Kerala","Thrissur, Kerala, India",,"(10.5256264, 76.2132542, 0.0)",10.5256264,76.2132542,"Thrissur, Thrissur district, Kerala, 680001, India"
126,Madhya Pradesh,Bhopal,"T T Nagar, Bhopal - MPPCB","T T Nagar, Bhopal, Madhya Pradesh","Bhopal, Madhya Pradesh, India","T T Nagar, Ibrahimpura, Bhopal, Huzur Tahsil, Bhopal, Madhya Pradesh, 462001, India","(23.2286993, 77.4002881, 0.0)",23.2286993,77.4002881,
127,Madhya Pradesh,Damoh,"Shrivastav Colony, Damoh - MPPCB","Shrivastav Colony, Damoh, Madhya Pradesh","Damoh, Madhya Pradesh, India",,"(23.75, 79.583333, 0.0)",23.75,79.583333,"Damoh, Madhya Pradesh, India"
128,Madhya Pradesh,Dewas,"Bhopal Chauraha, Dewas - MPPCB","Bhopal Chauraha, Dewas, Madhya Pradesh","Dewas, Madhya Pradesh, India",,"(23.0, 76.166667, 0.0)",23,76.166667,"Dewas, Madhya Pradesh, India"
129,Madhya Pradesh,Gwalior,"City Center, Gwalior - MPPCB","City Center, Gwalior, Madhya Pradesh","Gwalior, Madhya Pradesh, India","Gwalior, Madhya Pradesh, 474001, India","(26.2037247, 78.1573628, 0.0)",26.2037247,78.1573628,
130,Madhya Pradesh,Gwalior,"Phool Bagh, Gwalior - Mondelez Ind. Food","Phool Bagh, Gwalior, Madhya Pradesh","Gwalior, Madhya Pradesh, India",,"(26.2037247, 78.1573628, 0.0)",26.2037247,78.1573628,"Gwalior, Madhya Pradesh, 474001, India"
131,Madhya Pradesh,Indore,"Chhoti Gwaltoli, Indore - MPPCB","Chhoti Gwaltoli, Indore, Madhya Pradesh","Indore, Madhya Pradesh, India",,"(22.7203616, 75.8681996, 0.0)",22.7203616,75.8681996,"Indore, Madhya Pradesh, 452001, India"
132,Madhya Pradesh,Jabalpur,"Marhatal, Jabalpur - MPPCB","Marhatal, Jabalpur, Madhya Pradesh","Jabalpur, Madhya Pradesh, India",,"(23.1608938, 79.9497702, 0.0)",23.1608938,79.9497702,"Jabalpur, Jabalpur Tahsil, Jabalpur, Madhya Pradesh, India"
133,Madhya Pradesh,Katni,"Gole Bazar, Katni - MPPCB","Gole Bazar, Katni, Madhya Pradesh","Katni, Madhya Pradesh, India",,"(23.8339621, 80.392456, 0.0)",23.8339621,80.392456,"Katni, Murwara Tahsil, Katni, Madhya Pradesh, 483500, India"
134,Madhya Pradesh,Maihar,"Sahilara, Maihar - KJS Cements","Sahilara, Maihar, Madhya Pradesh","Maihar, Madhya Pradesh, India",,"(24.260444, 80.7592749, 0.0)",24.260444,80.7592749,"Maihar, Maihar Tahsil, Satna, Madhya Pradesh, 485771, India"
135,Madhya Pradesh,Mandideep,"Sector-D Industrial Area, Mandideep - MPPCB","Sector-D Industrial Area, Mandideep, Madhya Pradesh","Mandideep, Madhya Pradesh, India",,"(23.0965633, 77.5144525, 0.0)",23.0965633,77.5144525,"Mandideep, Goharganj Tahsil, Raisen, Madhya Pradesh, India"
136,Madhya Pradesh,Pithampur,"Sector-2 Industrial Area, Pithampur - MPPCB","Sector-2 Industrial Area, Pithampur, Madhya Pradesh","Pithampur, Madhya Pradesh, India",,"(22.6105576, 75.6790283, 0.0)",22.6105576,75.6790283,"Pithampur, Dhar Tahsil, Dhar, Madhya Pradesh, India"
137,Madhya Pradesh,Ratlam,"Shasthri Nagar, Ratlam - IPCA Lab","Shasthri Nagar, Ratlam, Madhya Pradesh","Ratlam, Madhya Pradesh, India",,"(23.501957750000003, 74.95284518680097, 0.0)",23.50195775,74.95284519,"Ratlam, Madhya Pradesh, India"
138,Madhya Pradesh,Sagar,"Deen Dayal Nagar, Sagar - MPPCB","Deen Dayal Nagar, Sagar, Madhya Pradesh","Sagar, Madhya Pradesh, India",,"(23.80961225, 78.75911360578634, 0.0)",23.80961225,78.75911361,"Sagar, Madhya Pradesh, India"
139,Madhya Pradesh,Satna,"Bandhavgar Colony, Satna - Birla Cement","Bandhavgar Colony, Satna, Madhya Pradesh","Satna, Madhya Pradesh, India",,"(24.5, 81.0, 0.0)",24.5,81,"Satna, Madhya Pradesh, India"
140,Madhya Pradesh,Singrauli,"Vindhyachal STPS, Singrauli - MPPCB","Vindhyachal STPS, Singrauli, Madhya Pradesh","Singrauli, Madhya Pradesh, India",,"(24.1974432, 82.6661453, 0.0)",24.1974432,82.6661453,"Singrauli, Singrauli Tahsil, Singrauli, Madhya Pradesh, 486889, India"
141,Madhya Pradesh,Ujjain,"Mahakaleshwar Temple, Ujjain - MPPCB","Mahakaleshwar Temple, Ujjain, Madhya Pradesh","Ujjain, Madhya Pradesh, India","Mahakaleshwar Temple, Mahakaleshwar Temple Road, Ujjain, Ujjain Tahsil, Ujjain, Madhya Pradesh, 456001, India","(23.182972149999998, 75.76818505832998, 0.0)",23.18297215,75.76818506,
142,Maharashtra,Aurangabad,"More Chowk Waluj, Aurangabad - MPCB","More Chowk Waluj, Aurangabad, Maharashtra","Aurangabad, Maharashtra, India","more chowk, Pune - Aurangabad Highway, Waluj Buzurg, Gangapur, Aurangabad, Maharashtra, 431133, India","(19.8389644, 75.2465856, 0.0)",19.8389644,75.2465856,
143,Maharashtra,Chandrapur,"Chandrapur, Chandrapur - MPCB","Chandrapur, Chandrapur, Maharashtra","Chandrapur, Maharashtra, India","Chandrapur, Chandrapur District, Maharashtra, India","(20.030975599999998, 79.35813866691342, 0.0)",20.0309756,79.35813867,
144,Maharashtra,Chandrapur,"MIDC Khutala, Chandrapur - MPCB","MIDC Khutala, Chandrapur, Maharashtra","Chandrapur, Maharashtra, India","MIDC Khutala, Chandrapur, Chandrapur District, Maharashtra, 442401, India","(19.9777956, 79.23633267283243, 0.0)",19.9777956,79.23633267,
145,Maharashtra,Kalyan,"Khadakpada, Kalyan - MPCB","Khadakpada, Kalyan, Maharashtra","Kalyan, Maharashtra, India","Khadakpada, Kalyan Dombivali Municipal Corporation, Kalyan, Thane, Maharashtra, 421308, India","(19.2525044, 73.1373763, 0.0)",19.2525044,73.1373763,
146,Maharashtra,Mumbai,"Bandra Kurla Complex, Mumbai - IITM","Bandra Kurla Complex, Mumbai, Maharashtra","Mumbai, Maharashtra, India","Bandra Kurla Complex, Zone 3, Mumbai, Mumbai Suburban, Maharashtra, 400 051, India","(19.067115, 72.8657245, 0.0)",19.067115,72.8657245,
147,Maharashtra,Mumbai,"Bandra, Mumbai - MPCB","Bandra, Mumbai, Maharashtra","Mumbai, Maharashtra, India","Bandra, Gurunanak Marg (Turner Road), Bandra West, Zone 3, Mumbai, Mumbai Suburban, Maharashtra, 40051, India","(19.0549792, 72.8402203, 0.0)",19.0549792,72.8402203,
148,Maharashtra,Mumbai,"Borivali East, Mumbai - IITM","Borivali East, Mumbai, Maharashtra","Mumbai, Maharashtra, India","Borivali East, Zone 4, Mumbai, Mumbai Suburban, Maharashtra, 400066, India","(19.2267228, 72.8619328, 0.0)",19.2267228,72.8619328,
149,Maharashtra,Mumbai,"Borivali East, Mumbai - MPCB","Borivali East, Mumbai, Maharashtra","Mumbai, Maharashtra, India","Borivali East, Zone 4, Mumbai, Mumbai Suburban, Maharashtra, 400066, India","(19.2267228, 72.8619328, 0.0)",19.2267228,72.8619328,
150,Maharashtra,Mumbai,"Chhatrapati Shivaji Intl. Airport (T2), Mumbai - MPCB","Chhatrapati Shivaji Intl. Airport (T2), Mumbai, Maharashtra","Mumbai, Maharashtra, India",,"(18.9387711, 72.8353355, 0.0)",18.9387711,72.8353355,"Mumbai, Mumbai City, Maharashtra, India"
151,Maharashtra,Mumbai,"Colaba, Mumbai - MPCB","Colaba, Mumbai, Maharashtra","Mumbai, Maharashtra, India","Colaba, Zone 1, Mumbai, Mumbai City, Maharashtra, 400005, India","(18.915091, 72.8259691, 0.0)",18.915091,72.8259691,
152,Maharashtra,Mumbai,"Deonar, Mumbai - IITM","Deonar, Mumbai, Maharashtra","Mumbai, Maharashtra, India","Deonar, Zone 5, Mumbai, Mumbai Suburban, Maharashtra, 400071, India","(19.0475502, 72.9051895, 0.0)",19.0475502,72.9051895,
153,Maharashtra,Mumbai,"Kurla, Mumbai - MPCB","Kurla, Mumbai, Maharashtra","Mumbai, Maharashtra, India","Kurla, S G Barve Marg, Naware Baug Jagruti Nagar, L Ward, Zone 5, Mumbai, Mumbai Suburban, Maharashtra, 400024, India","(19.0652797, 72.8793805, 0.0)",19.0652797,72.8793805,
154,Maharashtra,Mumbai,"Malad West, Mumbai - IITM","Malad West, Mumbai, Maharashtra","Mumbai, Maharashtra, India","Malad West, Zone 4, Mumbai, Mumbai Suburban, Maharashtra, 400064, India","(19.1840129, 72.8412155, 0.0)",19.1840129,72.8412155,
155,Maharashtra,Mumbai,"Mazgaon, Mumbai - IITM","Mazgaon, Mumbai, Maharashtra","Mumbai, Maharashtra, India","GST Bhavan, Shivdas Champsi Marg (Mazagoan Road), E Ward, Zone 1, Mumbai, Mumbai City, Maharashtra, 400009, India","(18.9680519, 72.84001187036267, 0.0)",18.9680519,72.84001187,
156,Maharashtra,Mumbai,"Navy Nagar-Colaba, Mumbai - IITM","Navy Nagar-Colaba, Mumbai, Maharashtra","Mumbai, Maharashtra, India","Old Navy Nagar, Colaba, Zone 1, Mumbai, Mumbai City, Maharashtra, 400005, India","(18.9097659, 72.8098311, 0.0)",18.9097659,72.8098311,
157,Maharashtra,Mumbai,"Powai, Mumbai - MPCB","Powai, Mumbai, Maharashtra","Mumbai, Maharashtra, India","Powai, Zone 6, Mumbai, Mumbai Suburban, Maharashtra, 400076, India","(19.1187195, 72.9073476, 0.0)",19.1187195,72.9073476,
158,Maharashtra,Mumbai,"Sion, Mumbai - MPCB","Sion, Mumbai, Maharashtra","Mumbai, Maharashtra, India","Sion, Sion Bandra Link Road, Sion Koliwada, F/N Ward, Zone 2, Mumbai, Mumbai City, Maharashtra, 400022, India","(19.0465213, 72.8632834, 0.0)",19.0465213,72.8632834,
159,Maharashtra,Mumbai,"Vasai West, Mumbai - MPCB","Vasai West, Mumbai, Maharashtra","Mumbai, Maharashtra, India",,"(18.9387711, 72.8353355, 0.0)",18.9387711,72.8353355,"Mumbai, Mumbai City, Maharashtra, India"
160,Maharashtra,Mumbai,"Vile Parle West, Mumbai - MPCB","Vile Parle West, Mumbai, Maharashtra","Mumbai, Maharashtra, India","Vile Parle West, Zone 3, Mumbai, Mumbai Suburban, Maharashtra, 400049, India","(19.1038725, 72.8402903, 0.0)",19.1038725,72.8402903,
161,Maharashtra,Mumbai,"Worli, Mumbai - MPCB","Worli, Mumbai, Maharashtra","Mumbai, Maharashtra, India","Worli, Zone 2, Mumbai, Mumbai City, Maharashtra, 400030, India","(19.0116962, 72.8180702, 0.0)",19.0116962,72.8180702,
162,Maharashtra,Nagpur,"Opp GPO Civil Lines, Nagpur - MPCB","Opp GPO Civil Lines, Nagpur, Maharashtra","Nagpur, Maharashtra, India",,"(21.1498134, 79.0820556, 0.0)",21.1498134,79.0820556,"Nagpur Urban Taluka, Nagpur District, Maharashtra, India"
163,Maharashtra,Nashik,"Gangapur Road, Nashik - MPCB","Gangapur Road, Nashik, Maharashtra","Nashik, Maharashtra, India","Gangapur Road, Satpur, Gangapur, Nashik, Maharashtra, 422222, India","(20.0313391, 73.700294, 0.0)",20.0313391,73.700294,
164,Maharashtra,Navi Mumbai,"Airoli, Navi Mumbai - MPCB","Airoli, Navi Mumbai, Maharashtra","Navi Mumbai, Maharashtra, India",,"(19.0308262, 73.0198537, 0.0)",19.0308262,73.0198537,"Navi Mumbai, Thane, Maharashtra, 400706, India"
165,Maharashtra,Navi Mumbai,"Mahape, Navi Mumbai - MPCB","Mahape, Navi Mumbai, Maharashtra","Navi Mumbai, Maharashtra, India","Mahape Petrol Pump, South Central Road, Turbhe, Navi Mumbai, Thane, Maharashtra, 400710, India","(19.1113298, 73.0214877, 0.0)",19.1113298,73.0214877,
166,Maharashtra,Navi Mumbai,"Nerul, Navi Mumbai - MPCB","Nerul, Navi Mumbai, Maharashtra","Navi Mumbai, Maharashtra, India","Nerul, Mata Amritanandamayi Marg, Nerul West, Navi Mumbai, Thane, Maharashtra, 400706, India","(19.033611800000003, 73.01813957492513, 0.0)",19.0336118,73.01813957,
167,Maharashtra,Navi Mumbai,"Sector-19A Nerul, Navi Mumbai - IITM","Sector-19A Nerul, Navi Mumbai, Maharashtra","Navi Mumbai, Maharashtra, India","Nerul Sector 46/48 NMMT Bus Depot, Seawoods Service Road, Sector-46, Seawoods West, Navi Mumbai, Thane, Maharashtra, 400706, India","(19.0078649, 73.0163469, 0.0)",19.0078649,73.0163469,
168,Maharashtra,Pune,"Bhosari, Pune - IITM","Bhosari, Pune, Maharashtra","Pune, Maharashtra, India","Bhosari, Haveli, Pune District, Maharashtra, 411026, India","(18.6210093, 73.8501298, 0.0)",18.6210093,73.8501298,
169,Maharashtra,Pune,"Karve Road, Pune - MPCB","Karve Road, Pune, Maharashtra","Pune, Maharashtra, India","Karve Road, Kothrud, Pune City, Pune District, Maharashtra, 411038, India","(18.4994763, 73.8137326, 0.0)",18.4994763,73.8137326,
170,Maharashtra,Pune,"Mhada Colony, Pune - IITM","Mhada Colony, Pune, Maharashtra","Pune, Maharashtra, India","Mhada Colony, Zone 6, Mumbai, Mumbai Suburban, Maharashtra, 400081, India","(19.1656942, 72.9662251, 0.0)",19.1656942,72.9662251,
171,Maharashtra,Pune,"Revenue Colony-Shivajinagar, Pune - IITM","Revenue Colony-Shivajinagar, Pune, Maharashtra","Pune, Maharashtra, India","Shivajinagar, MSRTC Depot, Shivajinagar, Pune City, Pune District, Maharashtra, 411001, India","(18.5322493, 73.8499601124847, 0.0)",18.5322493,73.84996011,
172,Maharashtra,Pune,"Transport Nagar-Nigdi, Pune - IITM","Transport Nagar-Nigdi, Pune, Maharashtra","Pune, Maharashtra, India",,"(18.521428, 73.8544541, 0.0)",18.521428,73.8544541,"Pune City, Pune, Pune District, Maharashtra, India"
173,Maharashtra,Solapur,"Solapur, Solapur - MPCB","Solapur, Solapur, Maharashtra","Solapur, Maharashtra, India","Solapur, Solapur North, Solapur, Maharashtra, 413001, India","(17.6715272, 75.8975502, 0.0)",17.6715272,75.8975502,
174,Maharashtra,Thane,"Pimpleshwar Mandir, Thane - MPCB","Pimpleshwar Mandir, Thane, Maharashtra","Thane, Maharashtra, India",,"(19.1943294, 72.9701779, 0.0)",19.1943294,72.9701779,"Thane, Maharashtra, India"
175,Meghalaya,Shillong,"Lumpyngngad, Shillong - Meghalaya PCB","Lumpyngngad, Shillong, Meghalaya","Shillong, Meghalaya, India",,"(25.5760446, 91.8825282, 0.0)",25.5760446,91.8825282,"Shillong, Police Bazar Road, Mawkhar, Shillong, Mylliem, East Khasi Hills, Meghalaya, 793001, India"
176,Mizoram,Aizawl,"Sikulpuikawn, Aizawl - Mizoram PCB","Sikulpuikawn, Aizawl, Mizoram","Aizawl, Mizoram, India",,"(23.7414092, 92.7209297, 0.0)",23.7414092,92.7209297,"Aizawl, Tlangnuam, Aizwal, Mizoram, 796190, India"
177,Nagaland,Kohima,"PWD Juction, Kohima - NPCB","PWD Juction, Kohima, Nagaland","Kohima, Nagaland, India",,"(25.75, 94.166667, 0.0)",25.75,94.166667,"Kohima, Kohima, Nagaland, India"
178,Odisha,Brajrajnagar,"GM Office, Brajrajnagar - OSPCB","GM Office, Brajrajnagar, Odisha","Brajrajnagar, Odisha, India",,"(21.82, 83.92, 0.0)",21.82,83.92,
179,Odisha,Talcher,"Talcher Coalfields,Talcher - OSPCB","Talcher Coalfields,Talcher, Odisha","Talcher, Odisha, India",,"(20.9458183, 85.2111736, 0.0)",20.9458183,85.2111736,"Talcher, Colliery, Anugul, Odisha, 759100, India"
180,Punjab,Amritsar,"Golden Temple, Amritsar - PPCB","Golden Temple, Amritsar, Punjab","Amritsar, Punjab, India","Shri Harmandir Sahib, Golden Temple Road, Sharifpura, Hussainpura, Amritsar, Amritsar I Tahsil, Amritsar, Punjab, 143001, India","(31.61997565, 74.87654076032885, 0.0)",31.61997565,74.87654076,
181,Punjab,Bathinda,"Hardev Nagar, Bathinda - PPCB","Hardev Nagar, Bathinda, Punjab","Bathinda, Punjab, India",,"(30.17911535, 75.04710156312628, 0.0)",30.17911535,75.04710156,"Bathinda, Punjab, India"
182,Punjab,Jalandhar,"Civil Line, Jalandhar - PPCB","Civil Line, Jalandhar, Punjab","Jalandhar, Punjab, India","civil hospital road, Shahkot, Shahkot Tahsil, Jalandhar, Punjab, 144702, India","(31.0804396, 75.3362241, 0.0)",31.0804396,75.3362241,
183,Punjab,Khanna,"Kalal Majra, Khanna - PPCB","Kalal Majra, Khanna, Punjab","Khanna, Punjab, India","Kalal Majra, Samrala Tahsil, Ludhiana, Punjab, India","(30.7421169, 76.202729, 0.0)",30.7421169,76.202729,
184,Punjab,Ludhiana,"Punjab Agricultural University, Ludhiana - PPCB","Punjab Agricultural University, Ludhiana, Punjab","Ludhiana, Punjab, India","Punjab Agricultural University, Ferozepur Road, Punjab Mata Nagar, Gurudev Nagar, Ludhiana, Ludhiana (West) Tahsil, Ludhiana, Punjab, 141004, India","(30.9040094, 75.8004222421504, 0.0)",30.9040094,75.80042224,
185,Punjab,Mandi Gobindgarh,"RIMT University, Mandi Gobindgarh - PPCB","RIMT University, Mandi Gobindgarh, Punjab","Mandi Gobindgarh, Punjab, India",,"(30.6518301, 76.2998708, 0.0)",30.6518301,76.2998708,"Mandi Gobindgarh, Amloh Tahsil, Fategarh Sahib, Punjab, 147301, India"
186,Punjab,Patiala,"Model Town, Patiala - PPCB","Model Town, Patiala, Punjab","Patiala, Punjab, India","Patiala, Patiala Tahsil, Patiala, Punjab, India","(30.3295605, 76.4127819, 0.0)",30.3295605,76.4127819,
187,Punjab,Rupnagar,"Ratanpura, Rupnagar - Ambuja Cements","Ratanpura, Rupnagar, Punjab","Rupnagar, Punjab, India",,"(31.09168085, 76.5272673916138, 0.0)",31.09168085,76.52726739,"Rupnagar, Punjab, India"
188,Rajasthan,Ajmer,"Civil Lines,  Ajmer - RSPCB","Civil Lines,  Ajmer, Rajasthan","Ajmer, Rajasthan, India","Civil Lines, Ajmer Road, Gayatri Nagar, Sodala, Jaipur Municipal Corporation, Jaipur Tehsil, Jaipur, Rajasthan, 302006, India","(26.909479, 75.7809175, 0.0)",26.909479,75.7809175,
189,Rajasthan,Alwar,"Moti Doongri, Alwar - RSPCB","Moti Doongri, Alwar, Rajasthan","Alwar, Rajasthan, India",,"(27.639077049999997, 76.6144524902045, 0.0)",27.63907705,76.61445249,"Alwar, Rajasthan, India"
190,Rajasthan,Bhiwadi,"RIICO Ind. Area III, Bhiwadi - RSPCB","RIICO Ind. Area III, Bhiwadi, Rajasthan","Bhiwadi, Rajasthan, India",,"(28.2039413, 76.837441, 0.0)",28.2039413,76.837441,"Bhiwadi, Tijara Tehsil, Alwar, Rajasthan, 301019, India"
191,Rajasthan,Jaipur,"Adarsh Nagar, Jaipur - RSPCB","Adarsh Nagar, Jaipur, Rajasthan","Jaipur, Rajasthan, India","Adarsh Nagar, Jaipur Municipal Corporation, Jaipur Tehsil, Jaipur, Rajasthan, 302004, India","(26.8986698, 75.8163567, 0.0)",26.8986698,75.8163567,
192,Rajasthan,Jaipur,"Police Commissionerate, Jaipur - RSPCB","Police Commissionerate, Jaipur, Rajasthan","Jaipur, Rajasthan, India","Police Commissionerate Jaipur, MI Road, Ashok Marg, Chandpole, Jaipur Municipal Corporation, Jaipur Tehsil, Jaipur, Rajasthan, 302001, India","(26.9160258, 75.80153943639459, 0.0)",26.9160258,75.80153944,
193,Rajasthan,Jaipur,"Shastri Nagar, Jaipur - RSPCB","Shastri Nagar, Jaipur, Rajasthan","Jaipur, Rajasthan, India","Jaipur, Jaipur Municipal Corporation, Jaipur Tehsil, Jaipur, Rajasthan, 302001, India","(26.916194, 75.820349, 0.0)",26.916194,75.820349,
194,Rajasthan,Jodhpur,"Collectorate, Jodhpur - RSPCB","Collectorate, Jodhpur, Rajasthan","Jodhpur, Rajasthan, India","Jodhpur, Jodhpur Tehsil, Jodhpur District, Rajasthan, India","(26.2967719, 73.0351433, 0.0)",26.2967719,73.0351433,
195,Rajasthan,Kota,"Shrinath Puram, Kota - RSPCB","Shrinath Puram, Kota, Rajasthan","Kota, Rajasthan, India",,"(25.1968256, 76.00089330885552, 0.0)",25.1968256,76.00089331,"Kota, Rajasthan, India"
196,Rajasthan,Pali,"Indira Colony Vistar, Pali - RSPCB","Indira Colony Vistar, Pali, Rajasthan","Pali, Rajasthan, India",,"(25.6040908, 73.41560878556902, 0.0)",25.6040908,73.41560879,"Pali, Rajasthan, India"
197,Rajasthan,Udaipur,"Ashok Nagar, Udaipur - RSPCB","Ashok Nagar, Udaipur, Rajasthan","Udaipur, Rajasthan, India","Udaipur, Rajasthan, 313001, India","(24.578721, 73.6862571, 0.0)",24.578721,73.6862571,
198,Tamil Nadu,Chennai,"Alandur Bus Depot, Chennai - CPCB","Alandur Bus Depot, Chennai, Tamil Nadu","Chennai, Tamil Nadu, India",,"(13.0801721, 80.2838331, 0.0)",13.0801721,80.2838331,"Chennai, Chennai District, Tamil Nadu, India"
199,Tamil Nadu,Chennai,"Arumbakkam, Chennai - TNPCB","Arumbakkam, Chennai, Tamil Nadu","Chennai, Tamil Nadu, India","Arumbakkam, Zone 8 Anna Nagar, Chennai, Chennai District, Tamil Nadu, 600105, India","(13.074371, 80.2081312, 0.0)",13.074371,80.2081312,
200,Tamil Nadu,Chennai,"Kodungaiyur, Chennai - TNPCB","Kodungaiyur, Chennai, Tamil Nadu","Chennai, Tamil Nadu, India","Kodungaiyur, Zone 4 Tondiarpet, Chennai, Chennai District, Tamil Nadu, 600118, India","(13.1327533, 80.2444773, 0.0)",13.1327533,80.2444773,
201,Tamil Nadu,Chennai,"Manali Village, Chennai - TNPCB","Manali Village, Chennai, Tamil Nadu","Chennai, Tamil Nadu, India","Manali, Zone 2 Manali, Chennai, Mathavaram, Thiruvallur District, Tamil Nadu, 600068, India","(13.1672275, 80.2598107, 0.0)",13.1672275,80.2598107,
202,Tamil Nadu,Chennai,"Manali, Chennai - CPCB","Manali, Chennai, Tamil Nadu","Chennai, Tamil Nadu, India","Manali, Zone 2 Manali, Chennai, Mathavaram, Thiruvallur District, Tamil Nadu, 600068, India","(13.1672275, 80.2598107, 0.0)",13.1672275,80.2598107,
203,Tamil Nadu,Chennai,"Royapuram, Chennai - TNPCB","Royapuram, Chennai, Tamil Nadu","Chennai, Tamil Nadu, India","Royapuram, Zone 5 Royapuram, Chennai, Chennai District, Tamil Nadu, 600 021, India","(13.1146195, 80.2940279, 0.0)",13.1146195,80.2940279,
204,Tamil Nadu,Chennai,"Velachery Res. Area, Chennai - CPCB","Velachery Res. Area, Chennai, Tamil Nadu","Chennai, Tamil Nadu, India",,"(13.0801721, 80.2838331, 0.0)",13.0801721,80.2838331,"Chennai, Chennai District, Tamil Nadu, India"
205,Tamil Nadu,Coimbatore,"SIDCO Kurichi, Coimbatore - TNPCB","SIDCO Kurichi, Coimbatore, Tamil Nadu","Coimbatore, Tamil Nadu, India",,"(11.0018115, 76.9628425, 0.0)",11.0018115,76.9628425,"Coimbatore, Coimbatore North, Coimbatore District, Tamil Nadu, 641001, India"
206,Tamil Nadu,Thoothukudi,"Meelavittan, Thoothukudi - TNPCB","Meelavittan, Thoothukudi, Tamil Nadu","Thoothukudi, Tamil Nadu, India",,"(8.8052602, 78.1452745, 0.0)",8.8052602,78.1452745,"Thoothukudi, Thoothukkudi, Thoothukkudi District, Tamil Nadu, 628001, India"
207,Telangana,Hyderabad,"Bollaram Industrial Area, Hyderabad - TSPCB","Bollaram Industrial Area, Hyderabad, Telangana","Hyderabad, Telangana, India","Bollaram Road, Miyapur, CG Employees Colony, Ward 108 Miyapur, Greater Hyderabad Municipal Corporation West Zone, Hyderabad, Serilingampalle mandal, Rangareddy, Telangana, 50, India","(17.5026977, 78.3645689, 0.0)",17.5026977,78.3645689,
208,Telangana,Hyderabad,"Central University, Hyderabad - TSPCB","Central University, Hyderabad, Telangana","Hyderabad, Telangana, India","Jawaharlal Nehru Architecture and Fine Arts University, Masab Tank Flyover, Shanti Nagar, Ward 73 Vijay Nagar Colony, Greater Hyderabad Municipal Corporation Central Zone, Hyderabad, Asifnagar mandal, Hyderabad, Telangana, 500057, India","(17.4031425, 78.45593431157263, 0.0)",17.4031425,78.45593431,
209,Telangana,Hyderabad,"ICRISAT Patancheru, Hyderabad - TSPCB","ICRISAT Patancheru, Hyderabad, Telangana","Hyderabad, Telangana, India",,"(17.38878595, 78.46106473453146, 0.0)",17.38878595,78.46106473,"Hyderabad, Telangana, India"
210,Telangana,Hyderabad,"IDA Pashamylaram, Hyderabad - TSPCB","IDA Pashamylaram, Hyderabad, Telangana","Hyderabad, Telangana, India",,"(17.38878595, 78.46106473453146, 0.0)",17.38878595,78.46106473,"Hyderabad, Telangana, India"
211,Telangana,Hyderabad,"Sanathnagar, Hyderabad - TSPCB","Sanathnagar, Hyderabad, Telangana","Hyderabad, Telangana, India","Sanathnagar Industrial estate park, Shivaji Nagar, Ward 100 Sanath Nagar, Greater Hyderabad Municipal Corporation Central Zone, Hyderabad, Balanagar mandal, MedchalMalkajgiri, Telangana, India","(17.4569654, 78.4434780636594, 0.0)",17.4569654,78.44347806,
212,Telangana,Hyderabad,"Zoo Park, Hyderabad - TSPCB","Zoo Park, Hyderabad, Telangana","Hyderabad, Telangana, India","Zoo Park Main Road, Devi Bagh, Ward 53 Doodh Bowli, Greater Hyderabad Municipal Corporation South Zone, Hyderabad, Bahadurpura mandal, Hyderabad, Telangana, 500064, India","(17.3559664, 78.4551484, 0.0)",17.3559664,78.4551484,
213,Tripura,Agartala,"Kunjaban, Agartala - Tripura SPCB","Kunjaban, Agartala, Tripura","Agartala, Tripura, India","Kunjaban, Agartala, Mohanpur, West Tripura, Tripura, 799001, India","(23.8638223, 91.2854433, 0.0)",23.8638223,91.2854433,
214,Uttar Pradesh,Agra,"Sanjay Palace, Agra - UPPCB","Sanjay Palace, Agra, Uttar Pradesh","Agra, Uttar Pradesh, India",,"(27.1752554, 78.0098161, 0.0)",27.1752554,78.0098161,"Agra, Uttar Pradesh, 280001, India"
215,Uttar Pradesh,Baghpat,"New Collectorate, Baghpat - UPPCB","New Collectorate, Baghpat, Uttar Pradesh","Baghpat, Uttar Pradesh, India","Baghpat, Uttar Pradesh, 250609, India","(28.943402, 77.2193369, 0.0)",28.943402,77.2193369,
216,Uttar Pradesh,Bulandshahr,"Yamunapuram, Bulandshahr - UPPCB","Yamunapuram, Bulandshahr, Uttar Pradesh","Bulandshahr, Uttar Pradesh, India",,"(28.38886085, 77.97479772598118, 0.0)",28.38886085,77.97479773,"Bulandshahr, Uttar Pradesh, India"
217,Uttar Pradesh,Ghaziabad,"Indirapuram, Ghaziabad - UPPCB","Indirapuram, Ghaziabad, Uttar Pradesh","Ghaziabad, Uttar Pradesh, India","Indirapuram, Ghaziabad, Uttar Pradesh, 201001, India","(28.6423908, 77.3684892, 0.0)",28.6423908,77.3684892,
218,Uttar Pradesh,Ghaziabad,"Loni, Ghaziabad - UPPCB","Loni, Ghaziabad, Uttar Pradesh","Ghaziabad, Uttar Pradesh, India","Loni, Ghaziabad, Uttar Pradesh, 110094, India","(28.7317295, 77.2900919, 0.0)",28.7317295,77.2900919,
219,Uttar Pradesh,Ghaziabad,"Sanjay Nagar, Ghaziabad - UPPCB","Sanjay Nagar, Ghaziabad, Uttar Pradesh","Ghaziabad, Uttar Pradesh, India","Sanjay Nagar, Ghaziabad, Uttar Pradesh, 201001, India","(28.6313989, 77.4709115, 0.0)",28.6313989,77.4709115,
220,Uttar Pradesh,Ghaziabad,"Vasundhara, Ghaziabad - UPPCB","Vasundhara, Ghaziabad, Uttar Pradesh","Ghaziabad, Uttar Pradesh, India","Vasundhara, Ghaziabad, Uttar Pradesh, 201001, India","(28.6628814, 77.37572452012591, 0.0)",28.6628814,77.37572452,
221,Uttar Pradesh,Greater Noida,"Knowledge Park - III, Greater Noida - UPPCB","Knowledge Park - III, Greater Noida, Uttar Pradesh","Greater Noida, Uttar Pradesh, India","Knowledge Park III, Greater Noida, Gautam Buddha Nagar, Uttar Pradesh, 201308, India","(28.478588, 77.4813689, 0.0)",28.478588,77.4813689,
222,Uttar Pradesh,Greater Noida,"Knowledge Park - V, Greater Noida - UPPCB","Knowledge Park - V, Greater Noida, Uttar Pradesh","Greater Noida, Uttar Pradesh, India",,"(28.4670734, 77.5137649, 0.0)",28.4670734,77.5137649,"Greater Noida, Gautam Buddha Nagar, Uttar Pradesh, 201310, India"
223,Uttar Pradesh,Hapur,"Anand Vihar, Hapur - UPPCB","Anand Vihar, Hapur, Uttar Pradesh","Hapur, Uttar Pradesh, India",,"(28.740612499999997, 77.83542556519009, 0.0)",28.7406125,77.83542557,"Hapur, Uttar Pradesh, India"
224,Uttar Pradesh,Kanpur,"Nehru Nagar, Kanpur - UPPCB","Nehru Nagar, Kanpur, Uttar Pradesh","Kanpur, Uttar Pradesh, India","Kanpur, Kanpur Nagar, Uttar Pradesh, 208012, India","(26.4609135, 80.3217588, 0.0)",26.4609135,80.3217588,
225,Uttar Pradesh,Lucknow,"Central School, Lucknow - CPCB","Central School, Lucknow, Uttar Pradesh","Lucknow, Uttar Pradesh, India","??? ??????? ?????, ????? ??????, 96, Ganesh Ganj, Lucknow, Sadar, Lucknow, Uttar Pradesh, 226001, India","(26.8420098, 80.94785711416057, 0.0)",26.8420098,80.94785711,
226,Uttar Pradesh,Lucknow,"Gomti Nagar, Lucknow - UPPCB","Gomti Nagar, Lucknow, Uttar Pradesh","Lucknow, Uttar Pradesh, India","Gomti Nagar, Gwari, Sadar, Lucknow, Uttar Pradesh, 226010, India","(26.8528761, 80.9988505, 0.0)",26.8528761,80.9988505,
227,Uttar Pradesh,Lucknow,"Lalbagh, Lucknow - CPCB","Lalbagh, Lucknow, Uttar Pradesh","Lucknow, Uttar Pradesh, India","Lalbagh, Kanpur Road, Alambagh, Vikram Nagar, Sadar, Lucknow, Uttar Pradesh, 226005, India","(26.7908341, 80.8701804, 0.0)",26.7908341,80.8701804,
228,Uttar Pradesh,Lucknow,"Nishant Ganj, Lucknow - UPPCB","Nishant Ganj, Lucknow, Uttar Pradesh","Lucknow, Uttar Pradesh, India",,"(26.8381, 80.9346001, 0.0)",26.8381,80.9346001,"Lucknow, Sadar, Lucknow, Uttar Pradesh, 226019, India"
229,Uttar Pradesh,Lucknow,"Talkatora District Industries Center, Lucknow - CPCB","Talkatora District Industries Center, Lucknow, Uttar Pradesh","Lucknow, Uttar Pradesh, India",,"(26.8381, 80.9346001, 0.0)",26.8381,80.9346001,"Lucknow, Sadar, Lucknow, Uttar Pradesh, 226019, India"
230,Uttar Pradesh,Meerut,"Ganga Nagar, Meerut - UPPCB","Ganga Nagar, Meerut, Uttar Pradesh","Meerut, Uttar Pradesh, India","Ganga Nagar, Saket, Meerut, Uttar Pradesh, 250001, India","(28.9997246, 77.7593586251069, 0.0)",28.9997246,77.75935863,
231,Uttar Pradesh,Meerut,"Jai Bhim Nagar, Meerut - UPPCB","Jai Bhim Nagar, Meerut, Uttar Pradesh","Meerut, Uttar Pradesh, India",,"(28.916667, 77.683333, 0.0)",28.916667,77.683333,"Meerut, Uttar Pradesh, India"
232,Uttar Pradesh,Meerut,"Pallavpuram Phase 2, Meerut - UPPCB","Pallavpuram Phase 2, Meerut, Uttar Pradesh","Meerut, Uttar Pradesh, India","Pallavpuram Phase-2, Modipuram, Sardhana, Meerut, Uttar Pradesh, India","(29.0630475, 77.71438599517693, 0.0)",29.0630475,77.714386,
233,Uttar Pradesh,Moradabad,"Lajpat Nagar, Moradabad - UPPCB","Lajpat Nagar, Moradabad, Uttar Pradesh","Moradabad, Uttar Pradesh, India",,"(28.8638424, 78.80577833091104, 0.0)",28.8638424,78.80577833,"Moradabad, Uttar Pradesh, India"
234,Uttar Pradesh,Muzaffarnagar,"New Mandi, Muzaffarnagar - UPPCB","New Mandi, Muzaffarnagar, Uttar Pradesh","Muzaffarnagar, Uttar Pradesh, India",,"(29.44800635, 77.74068502568672, 0.0)",29.44800635,77.74068503,"Muzaffarnagar, Uttar Pradesh, India"
235,Uttar Pradesh,Noida,"Sector - 125, Noida - UPPCB","Sector - 125, Noida, Uttar Pradesh","Noida, Uttar Pradesh, India","Sector 9, Dadri, Gautam Buddha Nagar, Uttar Pradesh, 201301, India","(28.5868527, 77.32739260029359, 0.0)",28.5868527,77.3273926,
236,Uttar Pradesh,Noida,"Sector - 62, Noida - IMD","Sector - 62, Noida, Uttar Pradesh","Noida, Uttar Pradesh, India","Sector 62, Shaheed Hawaldar Padam Singh Dhama Marg, Ghaziabad, Uttar Pradesh, 201001, India","(28.62549, 77.3742179, 0.0)",28.62549,77.3742179,
237,Uttar Pradesh,Noida,"Sector-1, Noida - UPPCB","Sector-1, Noida, Uttar Pradesh","Noida, Uttar Pradesh, India","Noida, Dadri, Gautam Buddha Nagar, Uttar Pradesh, 201301, India","(28.5356329, 77.3910727, 0.0)",28.5356329,77.3910727,
238,Uttar Pradesh,Noida,"Sector-116, Noida - UPPCB","Sector-116, Noida, Uttar Pradesh","Noida, Uttar Pradesh, India","Sector 94, Hazipur, Dadri, Gautam Buddha Nagar, Uttar Pradesh, India","(28.551017199999997, 77.32375904907622, 0.0)",28.5510172,77.32375905,
239,Uttar Pradesh,Varanasi,"Ardhali Bazar, Varanasi - UPPCB","Ardhali Bazar, Varanasi, Uttar Pradesh","Varanasi, Uttar Pradesh, India",,"(25.3356491, 83.0076292, 0.0)",25.3356491,83.0076292,"Varanasi, Varanasi, Varanasi, Uttar Pradesh, 221001, India"
240,West Bengal,Asansol,"Asansol Court Area, Asansol - WBPCB","Asansol Court Area, Asansol, West Bengal","Asansol, West Bengal, India",,"(23.6871297, 86.9746587, 0.0)",23.6871297,86.9746587,"Asansol, Asansol Kulti Township, Paschim Bardhaman, West Bengal, India"
241,West Bengal,Durgapur,"Sidhu Kanhu Indoor Stadium, Durgapur - WBPCB","Sidhu Kanhu Indoor Stadium, Durgapur, West Bengal","Durgapur, West Bengal, India",,"(23.5350475, 87.3380425, 0.0)",23.5350475,87.3380425,"Durgapur, Faridpur Durgapur, Paschim Bardhaman, West Bengal, 713200, India"
242,West Bengal,Haldia,"Haldia, Haldia - WBPCB","Haldia, Haldia, West Bengal","Haldia, West Bengal, India","Haldia, Purba Medinipur, West Bengal, 721604, India","(22.028124, 88.0632655, 0.0)",22.028124,88.0632655,
243,West Bengal,Howrah,"Belur Math, Howrah - WBPCB","Belur Math, Howrah, West Bengal","Howrah, West Bengal, India","Sri Ramakrishna Temple, Grand Trunk Road, Bally, Bally Jagachha, Howrah, West Bengal, 711101, India","(22.6323298, 88.35645069606947, 0.0)",22.6323298,88.3564507,
244,West Bengal,Howrah,"Ghusuri, Howrah - WBPCB","Ghusuri, Howrah, West Bengal","Howrah, West Bengal, India",,"(22.4993915, 88.0309125482209, 0.0)",22.4993915,88.03091255,"Howrah, West Bengal, India"
245,West Bengal,Howrah,"Padmapukur, Howrah - WBPCB","Padmapukur, Howrah, West Bengal","Howrah, West Bengal, India","Padmapukur, Kona Expressway, Howrah, West Bengal, 711103, India","(22.5682566, 88.3057431, 0.0)",22.5682566,88.3057431,
246,West Bengal,Kolkata,"Ballygunge, Kolkata - WBPCB","Ballygunge, Kolkata, West Bengal","Kolkata, West Bengal, India","Ballygunge, Rash Behari Avenue Connector, Ruby Park, Kushita, Kolkata, West Bengal, 700019, Kolkata","(22.5204877, 88.3721746, 0.0)",22.5204877,88.3721746,
247,West Bengal,Kolkata,"Bidhannagar, Kolkata - WBPCB","Bidhannagar, Kolkata, West Bengal","Kolkata, West Bengal, India","Bidhannagar, NBCC, AQ Block, Rajarhat, North 24 Parganas, West Bengal, 700 156, India","(22.58162035, 88.4523869411636, 0.0)",22.58162035,88.45238694,
248,West Bengal,Kolkata,"Fort William, Kolkata - WBPCB","Fort William, Kolkata, West Bengal","Kolkata, West Bengal, India","Fort William, Hospital Road, Maidan, Kolkata, West Bengal, 700038, Kolkata","(22.55449655, 88.33801318408831, 0.0)",22.55449655,88.33801318,
249,West Bengal,Kolkata,"Jadavpur, Kolkata - WBPCB","Jadavpur, Kolkata, West Bengal","Kolkata, West Bengal, India","Jadavpur, Jadavpur Station Link Road, Santoshpur, Ananda Pally, Kolkata, West Bengal, 700032, Kolkata","(22.4951079, 88.3749813, 0.0)",22.4951079,88.3749813,
250,West Bengal,Kolkata,"Rabindra Bharati University, Kolkata - WBPCB","Rabindra Bharati University, Kolkata, West Bengal","Kolkata, West Bengal, India","Rabindra Bharati University, SH1, North Dumdum, Barrackpur - II, West Bengal, 700 050, India","(22.62696605, 88.38049809655342, 0.0)",22.62696605,88.3804981,
251,West Bengal,Kolkata,"Rabindra Sarobar, Kolkata - WBPCB","Rabindra Sarobar, Kolkata, West Bengal","Kolkata, West Bengal, India","Rabindra Sarobar, Kavi Bharati Sarani, Lake Garden, Dhakuria, Kolkata, West Bengal, 700029, Kolkata","(22.51226105, 88.36383105710377, 0.0)",22.51226105,88.36383106,
252,West Bengal,Kolkata,"Victoria, Kolkata - WBPCB","Victoria, Kolkata, West Bengal","Kolkata, West Bengal, India","Victoria, Maidan, Kolkata, West Bengal, Kolkata","(22.54978375, 88.33911363126559, 0.0)",22.54978375,88.33911363,
253,West Bengal,Siliguri,"Ward-32 Bapupara, Siliguri - WBPCB","Ward-32 Bapupara, Siliguri, West Bengal","Siliguri, West Bengal, India",,"(26.7164127, 88.4309916, 0.0)",26.7164127,88.4309916,"Siliguri, Matigara, Darjeeling, West Bengal, India"
